Nama,Harga,Rating
Outerwear Unisex Erigo Army Shirt Seira Khaki,Rp 249.000,5.0
Outerwear Unisex Erigo Army Shirt Akiro Navy,Rp 249.000,4.8
Outerwear Unisex Erigo Army Shirt Etsuko Army,Rp 249.000,5.0
Outerwear Unisex Erigo Army Shirt Ryuwa Black,Rp 249.000,4.4
Celana Unisex Erigo Cargo Pants Archie Light Brown,Rp 159.000,5.0
Celana Unisex Erigo Cargo Pants Kashwn Grey,Rp 159.000,5.0
Celana Unisex Erigo Cargo Pants Filbert Olive,Rp 159.000,5.0
Celana Unisex Erigo Cargo Pants Eadwald Brown,Rp 159.000,5.0
Celana Unisex Erigo Cargo Pants Cynderyn Army,Rp 159.000,4.4
Kemeja Unisex Erigo Long Shirt Tamura Navy,Rp 123.000,No rating
Kemeja Unisex Erigo Long Shirt Yasushi Orange,Rp 123.000,No rating
Kemeja Unisex Erigo Long Shirt Yazaki Maroon,Rp 123.000,5.0
Kemeja Unisex Erigo Shanghai Longsleeve Deviela Khaki,Rp 123.000,5.0
Kemeja Unisex Erigo Long Shirt Binzo Camel,Rp 123.000,5.0
Kemeja Unisex Erigo Long Shirt Arata Purple,Rp 123.000,No rating
Kemeja Unisex Erigo Shanghai Longsleeve Agasy Brown,Rp 123.000,No rating
Kemeja Unisex Erigo Long Shirt Aizawa Maroon,Rp 123.000,No rating
Kemeja Unisex Erigo Long Shirt Motoaki Red,Rp 123.000,No rating
Kemeja Unisex Erigo Long Shirt Tettsu Navy,Rp 123.000,5.0
Kaos Unisex Erigo Longsleeve Pocket Aland Andora,Rp 123.000,No rating
Kaos Unisex Erigo Longsleeve Pocket Fane Black,Rp 123.000,No rating
Kaos Unisex Erigo Longsleeve Pocket Cadby Glacier Lake,Rp 123.000,5.0
Kaos Unisex Erigo Longsleeve Pocket Halton Ultra Violet,Rp 123.000,No rating
Kaos Unisex Erigo Longsleeve Pocket Benton Shade Spruce,Rp 123.000,No rating
Kaos Unisex Erigo T-Shirt Oversize Pocket Basilia Black,Rp 90.000,4.8
Kaos Unisex Erigo Longsleeve Pocket Blackton Coffee,Rp 123.000,No rating
Kaos Unisex Erigo Longsleeve Pocket Delbert Lilac,Rp 123.000,No rating
Kaos Unisex Erigo T-Shirt Oversize Pocket Morie Pale,Rp 90.000,5.0
Kaos Unisex Erigo Longsleeve Pocket Ivon Basil,Rp 123.000,No rating
Kaos Unisex Erigo T-Shirt Oversize Pocket Jourell Coffee,Rp 90.000,5.0
Kaos Unisex Erigo T-Shirt Oversize Pocket Grania Asphalt,Rp 90.000,4.5
Kaos Unisex Erigo Longsleeve Pocket Beldiq Broken White,Rp 123.000,No rating
Kaos Unisex Erigo T-Shirt Oversize Pocket Gilda Ultra Violet,Rp 90.000,5.0
Kaos Unisex Erigo Longsleeve Pocket Celyn Popcorn,Rp 123.000,No rating
Kaos Unisex Erigo T-Shirt Oversize Pocket Gilmer Broken White,Rp 90.000,5.0
Kaos Unisex Erigo T-Shirt Oversize Pocket Ewald Andora,Rp 90.000,No rating
Kaos Unisex Erigo T-Shirt Oversize Pocket Gene Darkest Spruce,Rp 90.000,5.0
Kaos Unisex Erigo T-Shirt Oversize Pocket Loye Glacier Lake,Rp 90.000,5.0
Kaos Unisex Erigo Longsleeve Pocket Haven Darkest Spruce,Rp 123.000,5.0
Kaos Unisex Erigo Longsleeve Pocket Addison Asphalt,Rp 123.000,No rating
Kaos Unisex Erigo T-Shirt Oversize Pocket Bowie Lilac,Rp 90.000,No rating
Kaos Unisex Erigo Longsleeve Pocket Dariel Pale,Rp 123.000,No rating
Kemeja Unisex Erigo Shanghai Longsleeve Colwood Khaki,Rp 123.000,4.8
Kemeja Unisex Erigo Shanghai Longsleeve Humbold Army,Rp 123.000,No rating
Kemeja Unisex Erigo Basic Longsleeve Mackenzie Navy,Rp 123.000,5.0
Kemeja Unisex Erigo Shanghai Longsleeve Weyburn Emerald,Rp 123.000,4.9
Kemeja Unisex Erigo Shanghai Longsleeve Rossland Light Brown,Rp 123.000,4.8
Kemeja Unisex Erigo Basic Longsleeve Foerza Emerald,Rp 123.000,No rating
Kemeja Unisex Erigo Basic Short Sleeve Floxy Navy,Rp 107.000,4.6
Kemeja Unisex Erigo Shanghai Longsleeve Deventer Olive,Rp 123.000,No rating
Kemeja Unisex Erigo Basic Longsleeve Kaitlyn White,Rp 123.000,5.0
Kemeja Unisex Erigo Shanghai Longsleeve Fernie White,Rp 123.000,4.0
Kemeja Unisex Erigo Basic Longsleeve Elrey Light Brown,Rp 123.000,5.0
Kemeja Unisex Erigo Shanghai Short Sleeve Tammy Light Brown,Rp 107.000,4.9
Kemeja Unisex Erigo Shanghai Short Sleeve Slania Khaki,Rp 107.000,4.8
Kemeja Unisex Erigo Basic Short Sleeve Esther Black,Rp 107.000,4.4
Kemeja Unisex Erigo Basic Short Sleeve Abreana White,Rp 107.000,5.0
Kemeja Unisex Erigo Shanghai Short Sleeve Rune White,Rp 107.000,4.7
Kemeja Unisex Erigo Shanghai Short Sleeve Siebe Black,Rp 107.000,4.6
Kemeja Unisex Erigo Shanghai Short Sleeve Lova Army,Rp 107.000,4.8
Kemeja Unisex Erigo Shanghai Longsleeve Leiden Black,Rp 123.000,5.0
Kemeja Unisex Erigo Shanghai Short Sleeve Quinten Emerald,Rp 107.000,4.5
Kemeja Unisex Erigo Shanghai Short Sleeve Wout Navy,Rp 107.000,4.5
Kemeja Unisex Erigo Shanghai Short Sleeve Tyra Olive,Rp 107.000,4.4
Kemeja Unisex Erigo Basic Short Sleeve Conway Olive,Rp 107.000,5.0
Kemeja Unisex Erigo Shanghai Longsleeve Venlo Navy,Rp 123.000,4.9
Kemeja Unisex Erigo Flannel Sacha White,Rp 123.000,5.0
Kemeja Unisex Erigo Flannel Arline Black,Rp 123.000,5.0
Kemeja Unisex Erigo Flannel Osanna Navy,Rp 123.000,4.7
Kemeja Unisex Erigo Flannel Hilmaz White,Rp 123.000,5.0
Kemeja Unisex Erigo Flannel Casimir Grey,Rp 123.000,5.0
Kemeja Unisex Erigo Flannel Derral Black,Rp 123.000,4.5
Kemeja Unisex Erigo Flannel Hilaire White,Rp 123.000,4.2
Kemeja Unisex Erigo Flannel Maureen Black,Rp 123.000,5.0
Kemeja Unisex Erigo Flannel Ailard Navy,Rp 123.000,4.6
Kemeja Unisex Erigo Flannel Evarista White,Rp 123.000,5.0
Kemeja Unisex Erigo Flannel Wyatt Green,Rp 123.000,4.2
Kemeja Unisex Erigo Flannel Elyor Red,Rp 123.000,5.0
Kemeja Unisex Erigo Flannel Gino Red,Rp 123.000,5.0
Kemeja Unisex Erigo Flannel Alvina Navy,Rp 123.000,5.0
Kemeja Unisex Erigo Flannel Beverly Navy,Rp 123.000,1.0
Kemeja Unisex Erigo Flannel Evelyn Navy,Rp 123.000,4.0
Kemeja Unisex Erigo Flannel Winnie Black,Rp 123.000,5.0
Kemeja Unisex Erigo Flannel Dyra Grey,Rp 123.000,5.0
Kemeja Unisex Erigo Flannel Delania Navy,Rp 123.000,1.0
Kemeja Unisex Erigo Flannel Teodora Black,Rp 123.000,4.5
Outerwear Unisex Erigo Sukajan Jacket Rokasho Navy,Rp 335.000,4.8
Outerwear Unisex Erigo Sukajan Jacket Nakajima Olive,Rp 335.000,4.9
Outerwear Unisex Erigo Sukajan Jacket Kawauchi Maroon,Rp 335.000,4.8
Outerwear Unisex Erigo Sukajan Jacket Tsurui Black,Rp 335.000,4.6
Kaos Unisex Erigo T-Shirt Oversize Tenryu White,Rp 90.000,4.5
Kaos Unisex Erigo T-Shirt Oversize Sagara White,Rp 90.000,5.0
Kaos Unisex Erigo T-Shirt Oversize Tozawa White,Rp 90.000,No rating
Kaos Unisex Erigo T-Shirt Oversize Ohira White,Rp 90.000,4.4
Kaos Unisex Erigo T-Shirt Oversize Nishigo White,Rp 90.000,5.0
Kaos Unisex Erigo T-Shirt Oversize Chosei White,Rp 90.000,5.0
Kaos Unisex Erigo T-Shirt Oversize Natori White,Rp 90.000,5.0
Celana Unisex Erigo Cargo Pants Light Color,Rp 159.000,4.7
Celana Unisex Erigo Cargo Pants Dark Color,Rp 159.000,4.7
Kemeja Unisex Erigo Flannel Kayle Brown,Rp 123.000,4.1
Kemeja Unisex Erigo Flannel Machie Black,Rp 123.000,5.0
Kemeja Unisex Erigo Flannel Brielle Navy,Rp 123.000,4.0
Kemeja Unisex Erigo Flannel Faira Grey,Rp 123.000,5.0
Kemeja Unisex Erigo Flannel Alesya Grey,Rp 123.000,5.0
Kemeja Unisex Erigo Flannel Gladwin Green,Rp 123.000,4.2
Kemeja Unisex Erigo Flannel Zayden Light Brown,Rp 123.000,4.2
Kemeja Unisex Erigo Flannel Trinity Black,Rp 123.000,4.0
Kemeja Unisex Erigo Flannel Chiara Navy,Rp 123.000,5.0
Kemeja Unisex Erigo Flannel Dwyne Navy,Rp 123.000,1.0
Kemeja Unisex Erigo Flannel Eilaria Black,Rp 123.000,4.7
Kemeja Unisex Erigo Flannel Kennard Navy,Rp 123.000,3.0
Kemeja Unisex Erigo Flannel Kelian Black,Rp 123.000,4.4
Kemeja Unisex Erigo Flannel Ariana Navy,Rp 123.000,5.0
Kemeja Unisex Erigo Flannel Trayvon Grey,Rp 123.000,3.6
Kemeja Unisex Erigo Flannel Auristela Brown,Rp 123.000,1.0
Erigo X Sling Bag With Mini Pocket Series,Rp 131.600,5.0
Outerwear Unisex Erigo Hoodie Ishigaki Darkest Spruce,Rp 255.000,4.8
Outerwear Unisex Erigo Hoodie Fujigaoka Asphalt,Rp 255.000,4.8
Outerwear Unisex Erigo Hoodie Kagoshima Dark Oak,Rp 255.000,5.0
Outerwear Unisex Erigo Varsity Jacket Takuto Emerald,Rp 335.000,4.8
Outerwear Unisex Erigo Varsity Jacket Keita Navy,Rp 335.000,4.9
Outerwear Unisex Erigo Varsity Jacket Akito Black,Rp 335.000,4.9
Kaos Unisex Erigo T-Shirt Oversize Kuzuryu Dark Blue,Rp 90.000,4.8
Kaos Unisex Erigo T-Shirt Oversize Yutana Dark Blue,Rp 90.000,5.0
Kaos Unisex Erigo T-Shirt Oversize Minami Dark Blue,Rp 90.000,4.8
Kaos Unisex Erigo T-Shirt Oversize Takahashi Dark Blue,Rp 90.000,4.0
Kaos Unisex Erigo T-Shirt Oversize Ryuka Dark Blue,Rp 90.000,5.0
Kaos Unisex Erigo T-Shirt Isamu Cream,Rp 74.000,4.8
Kaos Unisex Erigo T-Shirt Ahiru Black,Rp 74.000,4.8
Kaos Unisex Erigo T-Shirt Oversize Katsumi Dark Blue,Rp 90.000,5.0
Kaos Unisex Erigo T-Shirt Chishiya Navy,Rp 79.000,4.5
Kaos Unisex Erigo T-Shirt Hebi Navy,Rp 79.000,5.0
Kaos Unisex Erigo T-Shirt Daizen Black,Rp 79.000,4.7
Kaos Unisex Erigo T-Shirt Masaki Olive,Rp 79.000,4.1
Kaos Unisex Erigo T-Shirt Oversize Uchinaga Dark Blue,Rp 90.000,5.0
Kaos Unisex Erigo T-Shirt Banda Olive,Rp 79.000,4.6
Kaos Unisex Erigo T-Shirt Oversize Osaki Dark Blue,Rp 90.000,5.0
Kaos Unisex Erigo T-Shirt Bozozaku Gang Navy,Rp 79.000,5.0
Kaos Unisex Erigo T-Shirt Kyuma Olive,Rp 79.000,3.6
Kaos Unisex Erigo T-Shirt Rusty Machine Black,Rp 74.000,5.0
Kaos Unisex Erigo T-Shirt Yohn Olive,Rp 79.000,4.7
Kaos Unisex Erigo T-Shirt Yakushima Navy,Rp 74.000,4.7
Kaos Unisex Erigo T-Shirt Veitch Navy,Rp 79.000,4.8
Kaos Unisex Erigo T-Shirt Dansu Kurabu Cream,Rp 79.000,5.0
Kaos Unisex Erigo T-Shirt Chaos Olive,Rp 79.000,4.0
Kaos Unisex Erigo T-Shirt The South Navy,Rp 79.000,4.8
Kaos Unisex Erigo T-Shirt The Stingray Black,Rp 79.000,4.6
Outerwear Unisex Erigo Coach Jacket Surplus Black,Rp 167.000,4.8
Outerwear Unisex Erigo Coach Jacket Steffi Knight Black,Rp 167.000,4.6
Outerwear Unisex Erigo Coach Jacket Unsopable Dark Oak,Rp 167.000,4.3
Outerwear Unisex Erigo Coach Jacket Marine Corps Asphalt,Rp 167.000,5.0
Kaos Unisex Erigo T-Shirt | Zee Jkt48 X Senikanji Navy,Rp 169.000,4.9
Kaos Unisex Erigo T-Shirt | Gracia Jkt48 X Senikanji Olive,Rp 169.000,4.9
Kaos Unisex Erigo T-Shirt | Shani Jkt48 X Senikanji Black,Rp 169.000,4.9
Kaos Unisex Erigo T-Shirt | Christy Jkt48 X Senikanji Maroon,Rp 169.000,4.9
Kaos Unisex Erigo T-Shirt Oversize | Jkt48 Gracia Shade Spruce,Rp 159.000,4.9
Kaos Unisex Erigo T-Shirt Oversize | Jkt48 Christy Andora,Rp 159.000,4.9
Kaos Unisex Erigo T-Shirt Oversize | Jkt48 Shani Black,Rp 159.000,4.9
Outerwear Unisex Erigo Bomber Zwole Dark Oak,Rp 183.000,4.7
Outerwear Unisex Erigo Bomber Sven Pale,Rp 183.000,4.6
